{
    "ultimo_checkpoint": {
        "episodio": 80,
        "mejor_recompensa": -644.0,
        "parametros_optimos": {
            "recompensa_victoria": 1.9973127841949463,
            "recompensa_empate": -0.3146684765815735,
            "recompensa_derrota": -1.744359016418457,
            "factor_riesgo_escala": 0.0
        },
        "timestamp": "20250716_031542"
    },
    "historial_completo": [
        {
            "episodio": 20,
            "mejor_recompensa": -1494.0,
            "parametros_optimos": {
                "recompensa_victoria": 0.0,
                "recompensa_empate": -1.3529527187347412,
                "recompensa_derrota": -1.3321272134780884,
                "factor_riesgo_escala": 0.14904583990573883
            },
            "timestamp": "20250716_030835"
        },
        {
            "episodio": 40,
            "mejor_recompensa": -828.0,
            "parametros_optimos": {
                "recompensa_victoria": 0.7226295471191406,
                "recompensa_empate": 0.0,
                "recompensa_derrota": -1.083217740058899,
                "factor_riesgo_escala": 0.0
            },
            "timestamp": "20250716_031045"
        },
        {
            "episodio": 60,
            "mejor_recompensa": -644.0,
            "parametros_optimos": {
                "recompensa_victoria": 1.9973127841949463,
                "recompensa_empate": -0.3146684765815735,
                "recompensa_derrota": -1.744359016418457,
                "factor_riesgo_escala": 0.0
            },
            "timestamp": "20250716_031316"
        },
        {
            "episodio": 80,
            "mejor_recompensa": -644.0,
            "parametros_optimos": {
                "recompensa_victoria": 1.9973127841949463,
                "recompensa_empate": -0.3146684765815735,
                "recompensa_derrota": -1.744359016418457,
                "factor_riesgo_escala": 0.0
            },
            "timestamp": "20250716_031542"
        }
    ]
}