{
    "win_score": 0.007370054256170988,
    "win_dealer_bust": 0.008538283407688141,
    "tie": 0.005381981376558542,
    "loss_score": 0.0,
    "player_bust": -0.012050209566950798
}