{
    "win_score": 0.0,
    "win_dealer_bust": 0.0,
    "tie": -0.0036067257169634104,
    "loss_score": 0.0,
    "player_bust": -0.011854251846671104
}